engagement,organization,Sessions
Colombia,Colombia - Armada Nacional de Colomb,234
Sri Lanka,Sri Lanka - Navy,230
"Eastern and Southern Africa and the ",Regional Maritime Information Fusion,227
Pakistan,Pakistan - Joint Maritime Informatio,199
Panama,Panama - Autoridad de los Recursos A,192
Maldives,Maldives - National Defense Force Co,171
Somalia,"Somalia - Ministry of Fisheries and ",135
Tanzania,Tanzania - People's Defence Force,125
Sierra Leone,Sierra Leone - Navy,118
Ecuador,Ecuador - Armada del Ecuador,110
Colombia MPAs,Colombia - Unidad Administrativa Esp,106
Panama,Panama - Servicio Nacional Aeronaval,106
Trinidad & Tobago,Trinidad & Tobago - Coast Guard,106
UK Overseas Territories Blue Belt,Marine Management Organisation,92
West Africa Zone F,"Multinational Maritime Coordination ",90
Bahamas,Bahamas - Royal Bahamas Defence Forc,84
Indonesia,Indonesia - Indonesian Maritime Secu,81
Bangladesh,Bangladesh - Navy,79
Mexico - Revillagigedo MPA,"Mexico - Comisión Nacional de Áreas ",78
Philippines,Philippines - National Coast Watch C,78
"Eastern and Southern Africa and the ",Regional Centre for Operational Coop,68
Belize,Belize Coast Guard,63
Sao Tome & Principe,Sao Tome & Principe - Forças Armadas,61
Uruguay,Uruguay - Mar Azul Uruguayo,58
EU NAVFOR - MSCHOA,EU NAVFOR,55
Mexico,Mexico SEMAR,53
Crimario Tender,Critical Maritime Routes Indian Ocea,47
Falkland Islands,Falkland Islands - Natural Resources,47
Madagascar,Madagascar - Centre de Fusion d'Info,46
Mauritius,Mauritius - National Coast Guard,46
Timor Leste,Timor Leste - Fisheries,46
Peru,Peru - Servicio Nacional de Áreas Na,44
UNODC Pacific,UNODC,43
Panama," Panama - Ministerio de Ambiente de ",42
Seychelles,Seychelles - National Information Sh,42
Sri Lanka,"Sri Lanka - Department of Fisheries ",42
The Gambia,The Gambia - Navy,42
Ecuador,"Ecuador - Subsecretaria de Recursos ",40
Mexico - Isla Guadalupe MPA,"Mexico - Comisión Nacional de Áreas ",40
Canada,Canada - Department of Fisheries and,39
Philippines,Philippines - Coast Guard,39
Sao Tome & Principe,Sao Tome & Principe - Direcção das P,38
"Mozambique - Bazaruto National Park ",Mozambique - Parque Nacional de Mapu,36
Philippines,Philippines - Bureau of Customs,34
Philippines,Philippines - Bureau of Fisheries an,34
Liberia,Liberia - National Fisheries and Aqu,33
Timor Leste,Timor Leste - Centro de Operações Ma,33
Mexico - Islas Marias MPA,"Mexico - Comisión Nacional de Áreas ",32
Panama,Panama - Ministerio de Ambiente de P,29
EcoFish,EcoFish,26
Liberia,Liberia - Liberian National Coast Gu,26
Indonesia,"Indonesia -  Directorate General of ",25
Thailand,Thailand - Maritime Enforcement Coor,25
Ghana,Ghana - Navy,23
Indonesia,Indonesia - Ministry of Marine Affai,23
Philippines,Philippines - Drug Enforcement Agenc,21
Philippines,Philippines - Navy,21
UNODC Southeast Asia,UNODC,21
Federated States of Micronesia,Federated States of Micronesia - Mar,20
Kenya,Kenya - Fisheries Service,20
Trygg Mat Tracking,Trygg Mat Tracking,19
Tonga,Tonga - Maritime Coordination Centre,18
Trinidad & Tobago,Trinidad & Tobago - Fisheries Divisi,18
Gabon,Gabon - Marine Nationale du Gabon,17
Gabon MPAs,Gabon - Agence Nationale des Parcs N,16
Indonesia,Indonesia - Navy,16
OceanMind,OceanMind,16
Gabon,Gabon - Agence Nationale des Parcs N,15
Thailand,Thailand - Department of Fisheries,15
Bénin,Bénin- Eco-Bénin,14
Mauritius,Mauritius - Ministry of Blue Economy,13
Togo,Togo - L'Organisme national chargé d,13
Cabo Verde,Cabo Verde - Guarda Costeira,12
Malaysia,Malaysia - Malaysian Maritime Enforc,12
Maldives,Maldives - Transport Authority,12
Samoa,Samoa - Police,12
SeaVision,Naval Information Warfare Center Pac,12
Dominican Republic,Dominican Republic  - Fuerzas Armada,11
Namibia,"Namibia - Ministry of Fisheries and ",11
Fisheries Committee for the West Cen,Fisheries Committee for the West Cen,10
Global Fishing Watch,Global Fishing Watch,10
Maldives,Maldives - Customs Service,10
Papua New Guinea,Papua New Guinea - Customs,10
Timor Leste,Timor Leste - Police,10
UNODC Atlantic,UNODC,10
USCG Central and Western Pacific,USCG District 14,10
Colombia MPAs,WCS Colombia,9
Indonesia,Indonesia - Search and Rescue Agency,9
Philippines,Philippines - Bureau of Immigration,9
Ursa Space Systems,Ursa Space Systems,9
Argentina,Argentina - Prefectura Naval Argenti,8
Fiji,"Fiji - Maritime Surveillance Rescue ",8
Seychelles,Seychelles - Seychelles Fisheries Au,8
Angola,Angola - Marinha de Guerra Angolana,7
Gabon,Gabon - Agence Gabonaise d'Études et,7
Palau,Palau - Bureau of Maritime Protectio,7
Philippines,Philippines - National Police Mariti,7
C4ADS,C4ADS,6
Chile - Rapa Nui (Easter Island) MPA,Chile - Koro Nui O Te Vaikava,6
Federated States of Micronesia,Federated States of Micronesia - Div,6
Fiji,Fiji - Police,6
Ghana,Ghana - Fisheries Division,6
Kenya,Kenya - Go Blue,6
Mauritius,Mauritius - Revenue Authority,6
Thailand,WCS Thailand,6
YARIS API,"GoGIN (Gulf of Guinea Interregional ",6
Brazil,Brazil - Polícia Federal,5
Congo MPAs,Parcs de Noé,5
Dominica,Dominica - Oceans Forward,5
IORIS API,Critical Maritime Routes Indian Ocea,5
Kenya MPAs,Kenya - Kenya Wildlife Service,5
Malaysia,Malaysia - Royal Malaysia Police,5
Maldives,Maldives - Police Service,5
Mexico MPAs,Global Conservation,5
Nauru,Nauru - Police,5
Nigeria,Nigeria - Federal Department of Fish,5
Pacific Islands Region,Pacific Islands Forum Fisheries Agen,5
Tonga,Tonga - Police,5
UNODC Indian Ocean West,UNODC,5
Antarctica MPAs,Commission for the Conservation of A,4
Círculo de Políticas Ambientales,Círculo de Políticas Ambientales,4
Errhalt Consulting,Errhalt Consulting,4
Mexico MPAs,Mexico - Centro para la Biodiversida,4
Somalia,Somalia - Navy,4
South Korea,Korea - Coast Guard,4
Combined Maritime Forces,Combined Maritime Forces,3
Ecuador - Galapagos MPA,Ecuador - Direccion del Parque Nacio,3
Falkland Islands,Falkland Islands - British Forces So,3
GoG - Inter-Regional Coordination,Regional Center for Maritime Securit,3
Honduras MPAs,Honduras - Fundación PROLANSATE,3
Jamaica,Jamaica - Jamaica Defense Force,3
Mexico MPAs,"Mexico - Comisión Nacional de Áreas ",3
Stop Illegal Fishing PSMA,NFDS - Stop Illegal Fishing,3
Uruguay,Uruguay - Armada Nacional,3
Vanuatu,Vanuatu - Police Maritime Wing,3
Viet Nam,Viet Nam - Coast Guard,3
Cote d'Ivoire,Cote d’Ivoire - Direction de l'Aquac,2
IORIS API,BCN Group,2
Kenya,Kenya - Coast Guard Service,2
Kenya,Kenya - Joint Operations Center,2
MITRE - NGA,MITRE,2
SeaVision,DOT/Volpe,2
UNODC Gulf of Aden & Red Sea,UNODC,2
University of California Santa Barba,University of California Santa Barba,2
West Africa Zone E,"Multinational Maritime Coordination ",2
Benthos AI,Benthos AI,1
Brazil,Brazil - Marinha do Brasil,1
Cambodia,Marine Conservation Cambodia,1
Colombia - Seaflower MPA,Colombia - Corporación para el Desar,1
Comoros,Comoros - Centre National de Contrôl,1
Cote d'Ivoire,Cote d’Ivoire - Marine Nationale Ivo,1
Crimario Tender,EDISOFT,1
DIU,DIU,1
Madagascar,"Madagascar - Centre de Surveillance ",1
Malaysia,Malaysia - Department of Fisheries,1
Marshall Islands,"Marshall Islands - Marine Resources ",1
NOAA,NOAA Office of Law Enforcement,1
SeaVision,US National Maritime Intelligence-In,1
Skylight,Skylight,1
Sri Lanka,Sri Lanka - Coast Guard,1
Support to West Africa Integrated Ma,Expertise France,1
Suriname,Suriname Coast Guard,1
The Gambia,The Gambia - Fisheries,1
The Nguyen Solutions,The Nguyen Solutions,1
US Department of Homeland Security,US Department of Homeland Security,1
WildAid,WildAid,1
YARIS API,Xsealance,1
African Parks,African Parks,0
Belize MPAs,WCS Belize,0
Colombia - Seaflower MPA,Colombia - Corporación para el Desa,0
Enhanced Domain Awareness,NASK,0
"Mozambique - Bazaruto National Park ",EarthRanger,0
NOAA Data,NOAA CoastWatch,0