engagement,Sessions
Panama,369
"Eastern and Southern Africa and the ",295
Sri Lanka,273
Philippines,243
Colombia,234
Pakistan,199
Maldives,198
Indonesia,154
Ecuador,150
Somalia,139
Tanzania,125
Trinidad & Tobago,124
Sierra Leone,118
Colombia MPAs,115
Sao Tome & Principe,99
UK Overseas Territories Blue Belt,92
West Africa Zone F,90
Timor Leste,89
Bahamas,84
Bangladesh,79
Mexico - Revillagigedo MPA,78
Mauritius,65
Belize,63
Uruguay,61
Liberia,59
EU NAVFOR - MSCHOA,55
Mexico,53
Falkland Islands,50
Seychelles,50
Crimario Tender,48
Madagascar,47
Thailand,46
Peru,44
The Gambia,43
UNODC Pacific,43
Mexico - Isla Guadalupe MPA,40
Gabon,39
Canada,39
"Mozambique - Bazaruto National Park ",36
Mexico - Islas Marias MPA,32
Kenya,30
Ghana,29
Federated States of Micronesia,26
EcoFish,26
Tonga,23
UNODC Southeast Asia,21
Trygg Mat Tracking,19
Malaysia,18
Gabon MPAs,16
OceanMind,16
SeaVision,15
Fiji,14
Bénin,14
Togo,13
Mexico MPAs,12
Cabo Verde,12
Samoa,12
Dominican Republic,11
Namibia,11
Fisheries Committee for the West Cen,10
Global Fishing Watch,10
Papua New Guinea,10
UNODC Atlantic,10
USCG Central and Western Pacific,10
Ursa Space Systems,9
Argentina,8
IORIS API,7
YARIS API,7
Angola,7
Palau,7
Brazil,6
C4ADS,6
Chile - Rapa Nui (Easter Island) MPA,6
Congo MPAs,5
Dominica,5
Kenya MPAs,5
Nauru,5
Nigeria,5
Pacific Islands Region,5
UNODC Indian Ocean West,5
Antarctica MPAs,4
Círculo de Políticas Ambientales,4
Errhalt Consulting,4
South Korea,4
Cote d'Ivoire,3
Combined Maritime Forces,3
Ecuador - Galapagos MPA,3
GoG - Inter-Regional Coordination,3
Honduras MPAs,3
Jamaica,3
Stop Illegal Fishing PSMA,3
Vanuatu,3
Viet Nam,3
MITRE - NGA,2
UNODC Gulf of Aden & Red Sea,2
University of California Santa Barba,2
West Africa Zone E,2
Colombia - Seaflower MPA,1
Benthos AI,1
Cambodia,1
Comoros,1
DIU,1
Marshall Islands,1
NOAA,1
Skylight,1
Support to West Africa Integrated Ma,1
Suriname,1
The Nguyen Solutions,1
US Department of Homeland Security,1
WildAid,1
African Parks,0
Belize MPAs,0
Enhanced Domain Awareness,0
NOAA Data,0